Area,Year,PublicationCount
aaai,1980,4
aaai,1982,11
aaai,1983,15
aaai,1984,24
aaai,1986,118
aaai,1987,76
aaai,1988,90
aaai,1990,165
aaai,1991,136
aaai,1992,131
aaai,1993,132
aaai,1994,302
aaai,1997,197
aaai,1998,204
aaai,1999,173
aaai,2000,214
aaai,2002,151
aaai,2004,144
aaai,2005,246
aaai,2006,279
aaai,2007,272
aaai,2008,254
aaai,2010,274
aaai,2011,257
aaai,2012,305
aaai,2013,210
aaai,2014,423
aaai,2015,566
aaai,2016,579
aaai,2017,671
aaai,2018,984
aaai,2019,1207
aaai,2020,1668
aaai,2021,1772
aaai,2022,1452
aaai,2023,1842
aaai,2024,2660
acl,1979,28
acl,1980,44
acl,1981,16
acl,1982,18
acl,1983,21
acl,1985,38
acl,1986,36
acl,1987,32
acl,1988,35
acl,1989,34
acl,1990,39
acl,1991,44
acl,1992,34
acl,1993,33
acl,1994,42
acl,1995,37
acl,1996,42
acl,1997,62
acl,1998,146
acl,1999,77
acl,2000,72
acl,2001,70
acl,2002,65
acl,2003,71
acl,2004,88
acl,2005,103
acl,2006,307
acl,2007,204
acl,2008,119
acl,2009,121
acl,2010,195
acl,2011,250
acl,2012,124
acl,2013,274
acl,2014,278
acl,2015,294
acl,2016,328
acl,2017,291
acl,2018,376
acl,2019,706
acl,2020,769
acl,2021,706
acl,2022,699
acl,2023,1074
acl,2024,864
ase,1997,6
ase,1998,14
ase,1999,4
ase,2000,14
ase,2001,4
ase,2002,10
ase,2003,18
ase,2004,24
ase,2005,26
ase,2006,22
ase,2007,36
ase,2008,32
ase,2009,37
ase,2010,34
ase,2011,36
ase,2012,22
ase,2013,51
ase,2014,55
ase,2015,59
ase,2016,57
ase,2017,67
ase,2018,68
ase,2019,84
ase,2020,93
ase,2021,82
ase,2023,144
asplos,1982,21
asplos,1987,16
asplos,1989,27
asplos,1991,28
asplos,1992,24
asplos,1994,29
asplos,1996,25
asplos,1998,28
asplos,2000,24
asplos,2002,24
asplos,2004,24
asplos,2006,39
asplos,2008,32
asplos,2009,29
asplos,2010,32
asplos,2011,32
asplos,2012,37
asplos,2013,44
asplos,2014,49
asplos,2015,50
asplos,2016,55
asplos,2017,58
asplos,2018,57
asplos,2019,76
asplos,2020,88
asplos,2021,75
asplos,2022,80
asplos,2023,153
asplos,2024,174
cav,1990,38
cav,1991,44
cav,1992,32
cav,1993,39
cav,1994,37
cav,1995,33
cav,1996,33
cav,1997,37
cav,1998,44
cav,1999,37
cav,2000,40
cav,2001,37
cav,2002,44
cav,2003,32
cav,2004,35
cav,2005,38
cav,2006,38
cav,2007,41
cav,2008,36
cav,2009,59
cav,2010,41
cav,2011,60
cav,2012,64
cav,2013,72
cav,2014,57
cav,2015,70
cav,2016,58
cav,2017,61
cav,2018,70
cav,2019,67
cav,2020,65
cav,2021,84
cav,2022,53
cav,2023,67
cav,2024,69
ccs,1993,22
ccs,1994,29
ccs,1996,17
ccs,1997,17
ccs,1998,18
ccs,1999,16
ccs,2000,31
ccs,2001,27
ccs,2002,27
ccs,2003,36
ccs,2004,36
ccs,2005,42
ccs,2006,38
ccs,2007,56
ccs,2008,52
ccs,2009,58
ccs,2010,54
ccs,2011,60
ccs,2012,84
ccs,2013,105
ccs,2014,118
ccs,2015,131
ccs,2016,139
ccs,2017,152
ccs,2018,137
ccs,2019,151
ccs,2020,122
ccs,2021,198
ccs,2022,219
ccs,2023,235
chiconf,1982,27
chiconf,1983,10
chiconf,1985,20
chiconf,1986,40
chiconf,1987,35
chiconf,1988,34
chiconf,1989,46
chiconf,1990,50
chiconf,1991,47
chiconf,1992,66
chiconf,1994,68
chiconf,1995,74
chiconf,1996,65
chiconf,1997,67
chiconf,1998,80
chiconf,1999,77
chiconf,2000,72
chiconf,2001,67
chiconf,2002,60
chiconf,2003,75
chiconf,2004,93
chiconf,2005,93
chiconf,2006,118
chiconf,2007,142
chiconf,2008,158
chiconf,2009,204
chiconf,2010,230
chiconf,2011,307
chiconf,2012,287
chiconf,2013,316
chiconf,2014,382
chiconf,2015,377
chiconf,2016,479
chiconf,2017,553
chiconf,2018,665
chiconf,2019,702
chiconf,2020,758
chiconf,2021,745
chiconf,2022,637
chiconf,2023,879
chiconf,2024,1057
crypto,1981,23
crypto,1982,24
crypto,1983,23
crypto,1984,34
crypto,1985,37
crypto,1986,31
crypto,1987,36
crypto,1988,38
crypto,1989,46
crypto,1990,44
crypto,1991,38
crypto,1992,43
crypto,1993,40
crypto,1994,36
crypto,1995,35
crypto,1996,30
crypto,1997,36
crypto,1998,34
crypto,1999,39
crypto,2000,33
crypto,2001,33
crypto,2002,39
crypto,2003,36
crypto,2004,34
crypto,2005,33
crypto,2006,36
crypto,2007,34
crypto,2008,32
crypto,2009,39
crypto,2010,39
crypto,2011,42
crypto,2012,50
crypto,2013,62
crypto,2014,60
crypto,2015,74
crypto,2016,70
crypto,2017,72
crypto,2018,79
crypto,2019,81
crypto,2020,85
crypto,2021,103
crypto,2022,99
crypto,2023,124
crypto,2024,143
cvpr,1988,127
cvpr,1989,94
cvpr,1991,100
cvpr,1992,91
cvpr,1993,89
cvpr,1994,118
cvpr,1996,137
cvpr,1997,170
cvpr,1998,144
cvpr,1999,190
cvpr,2000,217
cvpr,2001,271
cvpr,2003,207
cvpr,2004,258
cvpr,2005,351
cvpr,2006,317
cvpr,2007,538
cvpr,2008,506
cvpr,2009,382
cvpr,2010,461
cvpr,2011,438
cvpr,2012,466
cvpr,2013,471
cvpr,2014,540
cvpr,2015,601
cvpr,2016,643
cvpr,2017,782
cvpr,2018,979
cvpr,2019,1294
cvpr,2020,1465
cvpr,2021,1660
cvpr,2022,2070
cvpr,2023,2352
cvpr,2024,2715
dac,1970,29
dac,1971,36
dac,1972,39
dac,1973,33
dac,1974,41
dac,1975,49
dac,1976,54
dac,1977,55
dac,1978,59
dac,1979,73
dac,1980,78
dac,1981,108
dac,1982,119
dac,1983,102
dac,1984,85
dac,1985,99
dac,1986,109
dac,1987,105
dac,1988,98
dac,1989,89
dac,1990,102
dac,1991,104
dac,1992,90
dac,1993,91
dac,1994,97
dac,1995,95
dac,1996,111
dac,1997,103
dac,1998,111
dac,1999,141
dac,2000,105
dac,2001,120
dac,2002,131
dac,2003,130
dac,2004,133
dac,2005,120
dac,2006,143
dac,2007,126
dac,2008,137
dac,2009,120
dac,2010,130
dac,2011,168
dac,2012,182
dac,2013,185
dac,2014,213
dac,2015,203
dac,2016,174
dac,2017,177
dac,2018,179
dac,2019,201
dac,2020,243
dac,2021,217
dac,2022,221
dac,2023,265
dac,2024,370
ec,1999,21
ec,2000,28
ec,2001,23
ec,2003,23
ec,2004,24
ec,2005,31
ec,2006,35
ec,2007,42
ec,2008,38
ec,2009,37
ec,2010,37
ec,2011,36
ec,2012,73
ec,2013,49
ec,2014,69
ec,2015,61
ec,2016,67
ec,2017,59
ec,2018,57
ec,2019,66
ec,2020,54
ec,2021,77
ec,2022,94
ec,2023,162
eccv,1994,113
eccv,1996,123
eccv,1998,112
eccv,2000,116
eccv,2002,226
eccv,2004,188
eccv,2006,192
eccv,2008,244
eccv,2010,328
eccv,2012,408
eccv,2014,362
eccv,2016,415
eccv,2018,776
eccv,2020,1385
eccv,2022,1687
eccv,2024,862
emnlp,1996,14
emnlp,1997,23
emnlp,1998,12
emnlp,1999,35
emnlp,2000,27
emnlp,2001,21
emnlp,2002,41
emnlp,2003,28
emnlp,2004,56
emnlp,2005,128
emnlp,2006,73
emnlp,2007,116
emnlp,2008,114
emnlp,2009,163
emnlp,2010,125
emnlp,2011,149
emnlp,2012,139
emnlp,2013,191
emnlp,2014,209
emnlp,2015,294
emnlp,2016,256
emnlp,2017,316
emnlp,2018,533
emnlp,2019,668
emnlp,2020,750
emnlp,2021,845
emnlp,2022,828
emnlp,2023,1046
emnlp,2024,1267
emsoft,2001,32
emsoft,2002,29
emsoft,2003,22
emsoft,2004,35
emsoft,2005,31
emsoft,2006,35
emsoft,2007,31
emsoft,2008,28
emsoft,2009,33
emsoft,2010,30
emsoft,2011,37
emsoft,2012,23
emsoft,2013,28
emsoft,2014,29
emsoft,2015,25
emsoft,2016,26
emsoft,2017,31
emsoft,2018,36
emsoft,2019,30
emsoft,2020,35
emsoft,2021,31
emsoft,2022,31
emsoft,2023,21
emsoft,2024,28
eurocrypt,1982,22
eurocrypt,1984,33
eurocrypt,1985,24
eurocrypt,1986,22
eurocrypt,1987,22
eurocrypt,1988,36
eurocrypt,1989,58
eurocrypt,1990,42
eurocrypt,1991,42
eurocrypt,1992,38
eurocrypt,1993,36
eurocrypt,1994,42
eurocrypt,1995,33
eurocrypt,1996,34
eurocrypt,1997,34
eurocrypt,1998,43
eurocrypt,1999,32
eurocrypt,2000,40
eurocrypt,2001,32
eurocrypt,2002,33
eurocrypt,2003,39
eurocrypt,2004,36
eurocrypt,2005,33
eurocrypt,2006,35
eurocrypt,2007,33
eurocrypt,2008,31
eurocrypt,2009,33
eurocrypt,2010,33
eurocrypt,2011,32
eurocrypt,2012,43
eurocrypt,2013,41
eurocrypt,2014,38
eurocrypt,2015,57
eurocrypt,2016,62
eurocrypt,2017,67
eurocrypt,2018,69
eurocrypt,2019,76
eurocrypt,2020,82
eurocrypt,2021,78
eurocrypt,2022,85
eurocrypt,2023,110
eurocrypt,2024,76
eurographics,1982,14
eurographics,1983,17
eurographics,1984,28
eurographics,1985,39
eurographics,1986,21
eurographics,1987,27
eurographics,1988,22
eurographics,1989,21
eurographics,1990,21
eurographics,1991,19
eurographics,1992,59
eurographics,1993,64
eurographics,1994,62
eurographics,1995,59
eurographics,1996,65
eurographics,1997,59
eurographics,1998,49
eurographics,1999,59
eurographics,2000,76
eurographics,2001,84
eurographics,2002,71
eurographics,2003,73
eurographics,2004,71
eurographics,2005,75
eurographics,2006,73
eurographics,2007,77
eurographics,2008,226
eurographics,2009,231
eurographics,2010,244
eurographics,2011,229
eurographics,2012,235
eurographics,2013,239
eurographics,2014,237
eurographics,2015,240
eurographics,2016,239
eurographics,2017,248
eurographics,2018,253
eurographics,2019,270
eurographics,2020,302
eurographics,2021,230
eurographics,2022,268
eurographics,2023,243
eurographics,2024,232
eurosys,2006,29
eurosys,2007,29
eurosys,2008,24
eurosys,2009,25
eurosys,2010,27
eurosys,2011,24
eurosys,2012,27
eurosys,2013,28
eurosys,2014,27
eurosys,2015,32
eurosys,2016,38
eurosys,2017,41
eurosys,2018,42
eurosys,2019,45
eurosys,2020,43
eurosys,2021,38
eurosys,2022,45
eurosys,2023,54
eurosys,2024,71
fast,2002,21
fast,2003,20
fast,2004,19
fast,2005,26
fast,2007,21
fast,2008,21
fast,2009,23
fast,2010,21
fast,2011,20
fast,2012,26
fast,2013,24
fast,2014,24
fast,2015,28
fast,2016,27
fast,2017,28
fast,2018,23
fast,2019,26
fast,2020,23
fast,2021,28
fast,2022,29
fast,2023,29
fast,2024,22
focs,1975,19
focs,1976,23
focs,1977,24
focs,1978,30
focs,1979,39
focs,1980,40
focs,1981,44
focs,1982,40
focs,1983,50
focs,1984,52
focs,1985,53
focs,1986,53
focs,1987,49
focs,1988,56
focs,1989,91
focs,1990,88
focs,1991,86
focs,1992,77
focs,1993,73
focs,1994,71
focs,1995,71
focs,1996,63
focs,1997,62
focs,1998,76
focs,1999,66
focs,2000,66
focs,2001,64
focs,2002,80
focs,2003,64
focs,2004,64
focs,2005,64
focs,2006,71
focs,2007,66
focs,2008,81
focs,2009,72
focs,2010,82
focs,2011,85
focs,2012,78
focs,2013,78
focs,2014,68
focs,2015,86
focs,2016,86
focs,2017,90
focs,2018,87
focs,2019,90
focs,2020,127
focs,2021,118
focs,2022,108
focs,2023,141
fse,1993,19
fse,1994,17
fse,1995,16
fse,1996,22
fse,1998,24
fse,2000,20
fse,2002,18
fse,2004,28
fse,2005,34
fse,2006,25
fse,2007,52
fse,2008,35
fse,2009,35
fse,2010,33
fse,2011,37
fse,2012,59
fse,2013,54
fse,2014,67
fse,2015,74
fse,2016,87
fse,2017,93
fse,2018,77
fse,2019,98
fse,2020,125
fse,2021,135
fse,2022,142
fse,2023,170
fse,2024,121
hpca,1995,36
hpca,1996,29
hpca,1997,30
hpca,1998,31
hpca,1999,29
hpca,2000,35
hpca,2001,26
hpca,2002,28
hpca,2003,34
hpca,2004,27
hpca,2005,30
hpca,2006,28
hpca,2007,31
hpca,2008,37
hpca,2009,35
hpca,2010,39
hpca,2011,45
hpca,2012,39
hpca,2013,55
hpca,2014,58
hpca,2015,55
hpca,2016,57
hpca,2017,55
hpca,2018,62
hpca,2019,56
hpca,2020,54
hpca,2021,69
hpca,2022,85
hpca,2023,94
hpca,2024,81
hpdc,1992,29
hpdc,1993,39
hpdc,1994,36
hpdc,1995,30
hpdc,1996,64
hpdc,1997,37
hpdc,1998,37
hpdc,1999,33
hpdc,2000,32
hpdc,2001,37
hpdc,2002,55
hpdc,2003,25
hpdc,2004,24
hpdc,2005,25
hpdc,2006,24
hpdc,2007,20
hpdc,2008,18
hpdc,2009,21
hpdc,2010,79
hpdc,2011,22
hpdc,2012,23
hpdc,2013,20
hpdc,2014,24
hpdc,2015,24
hpdc,2016,23
hpdc,2017,23
hpdc,2018,25
hpdc,2019,30
hpdc,2020,17
hpdc,2021,22
hpdc,2022,25
hpdc,2023,23
hpdc,2024,26
iccad,1988,1
iccad,1992,43
iccad,1993,59
iccad,1994,66
iccad,1995,73
iccad,1996,77
iccad,1997,84
iccad,1998,81
iccad,1999,58
iccad,2000,62
iccad,2001,84
iccad,2002,86
iccad,2003,103
iccad,2004,105
iccad,2005,117
iccad,2006,113
iccad,2007,110
iccad,2008,109
iccad,2009,97
iccad,2010,91
iccad,2011,97
iccad,2012,98
iccad,2013,101
iccad,2014,102
iccad,2015,122
iccad,2016,133
iccad,2017,205
iccad,2018,171
iccad,2019,182
iccad,2020,220
iccad,2021,194
iccad,2022,215
iccad,2023,282
iccad,2024,131
iccv,1988,63
iccv,1990,38
iccv,1993,72
iccv,1995,162
iccv,1998,164
iccv,1999,177
iccv,2001,219
iccv,2003,199
iccv,2005,243
iccv,2007,386
iccv,2009,308
iccv,2011,339
iccv,2013,454
iccv,2015,526
iccv,2017,621
iccv,2019,1075
iccv,2021,1609
iccv,2023,2154
icde,1984,70
icde,1986,81
icde,1987,78
icde,1988,72
icde,1989,76
icde,1990,66
icde,1991,79
icde,1992,71
icde,1993,77
icde,1994,55
icde,1995,58
icde,1996,73
icde,1997,71
icde,1998,70
icde,1999,88
icde,2000,79
icde,2001,66
icde,2002,80
icde,2003,68
icde,2004,113
icde,2005,94
icde,2006,172
icde,2007,123
icde,2008,137
icde,2009,130
icde,2010,84
icde,2011,112
icde,2012,110
icde,2013,104
icde,2014,101
icde,2015,123
icde,2016,112
icde,2017,110
icde,2018,120
icde,2019,149
icde,2020,144
icde,2021,262
icde,2022,246
icde,2023,284
icde,2024,419
icfp,1996,25
icfp,1997,42
icfp,1998,46
icfp,1999,25
icfp,2000,27
icfp,2001,24
icfp,2002,26
icfp,2003,26
icfp,2004,25
icfp,2005,29
icfp,2006,27
icfp,2007,28
icfp,2008,33
icfp,2009,32
icfp,2010,33
icfp,2011,39
icfp,2012,31
icfp,2013,40
icfp,2014,30
icfp,2015,37
icfp,2016,40
icfp,2017,44
icfp,2018,40
icfp,2019,39
icfp,2020,37
icfp,2021,35
icfp,2022,35
icfp,2023,33
icfp,2024,35
iclr,2013,23
iclr,2014,35
iclr,2015,31
iclr,2016,80
iclr,2017,198
iclr,2018,336
iclr,2019,502
iclr,2020,687
iclr,2021,860
iclr,2022,1094
iclr,2023,1573
iclr,2024,2260
icml,1993,44
icml,1994,45
icml,1995,70
icml,1996,66
icml,1997,48
icml,1998,66
icml,1999,54
icml,2000,151
icml,2001,80
icml,2002,87
icml,2003,117
icml,2004,117
icml,2005,133
icml,2006,140
icml,2007,150
icml,2008,157
icml,2009,179
icml,2010,157
icml,2011,152
icml,2012,243
icml,2013,283
icml,2014,310
icml,2015,270
icml,2016,322
icml,2017,434
icml,2018,621
icml,2019,773
icml,2020,1085
icml,2021,1183
icml,2022,1234
icml,2023,1828
icml,2024,2610
icra,1984,61
icra,1985,131
icra,1986,296
icra,1987,297
icra,1988,219
icra,1989,263
icra,1990,313
icra,1991,376
icra,1992,400
icra,1993,279
icra,1994,525
icra,1995,483
icra,1996,579
icra,1997,564
icra,1998,583
icra,1999,510
icra,2000,632
icra,2001,653
icra,2002,678
icra,2003,692
icra,2004,819
icra,2005,751
icra,2006,669
icra,2007,780
icra,2008,635
icra,2009,688
icra,2010,853
icra,2011,987
icra,2012,815
icra,2013,869
icra,2014,1032
icra,2015,936
icra,2016,693
icra,2017,790
icra,2018,780
icra,2019,1022
icra,2020,1072
icra,2021,1384
icra,2022,929
icra,2023,1339
icra,2024,1758
ics,1987,62
ics,1988,65
ics,1989,51
ics,1990,41
ics,1991,47
ics,1992,46
ics,2000,33
ics,2001,45
ics,2002,32
ics,2003,37
ics,2004,35
ics,2005,42
ics,2006,39
ics,2007,31
ics,2008,40
ics,2009,50
ics,2010,35
ics,2011,52
ics,2012,36
ics,2013,42
ics,2014,266
ics,2015,43
ics,2016,43
ics,2017,28
ics,2018,117
ics,2019,45
ics,2020,104
ics,2021,39
ics,2022,97
ics,2023,40
ics,2024,45
icse,1976,82
icse,1978,40
icse,1979,46
icse,1981,49
icse,1982,41
icse,1984,52
icse,1985,48
icse,1987,36
icse,1988,42
icse,1989,51
icse,1990,36
icse,1991,30
icse,1992,32
icse,1993,46
icse,1994,36
icse,1995,29
icse,1996,56
icse,1997,50
icse,1998,41
icse,1999,56
icse,2000,53
icse,2001,46
icse,2002,48
icse,2003,42
icse,2004,67
icse,2005,59
icse,2006,42
icse,2007,49
icse,2008,79
icse,2009,50
icse,2010,76
icse,2011,62
icse,2012,87
icse,2013,85
icse,2014,99
icse,2015,134
icse,2016,101
icse,2017,68
icse,2018,152
icse,2019,109
icse,2020,129
icse,2021,138
icse,2022,199
icse,2023,210
icse,2024,237
ijcai,1971,62
ijcai,1973,76
ijcai,1975,109
ijcai,1977,201
ijcai,1979,88
ijcai,1981,139
ijcai,1983,57
ijcai,1985,100
ijcai,1987,97
ijcai,1989,244
ijcai,1991,186
ijcai,1993,236
ijcai,1995,203
ijcai,1997,82
ijcai,1999,198
ijcai,2001,200
ijcai,2003,212
ijcai,2005,240
ijcai,2007,466
ijcai,2009,334
ijcai,2011,438
ijcai,2013,413
ijcai,2015,590
ijcai,2016,554
ijcai,2017,662
ijcai,2018,737
ijcai,2019,871
ijcai,2020,673
ijcai,2021,640
ijcai,2022,762
ijcai,2023,775
ijcai,2024,958
imc,2003,32
imc,2004,39
imc,2005,36
imc,2006,34
imc,2007,39
imc,2008,32
imc,2009,69
imc,2010,47
imc,2011,42
imc,2012,45
imc,2013,42
imc,2014,42
imc,2015,44
imc,2016,46
imc,2017,42
imc,2018,43
imc,2019,39
imc,2020,54
imc,2021,53
imc,2022,56
imc,2023,52
imc,2024,56
iros,1988,100
iros,1989,78
iros,1990,119
iros,1991,206
iros,1992,272
iros,1993,274
iros,1994,281
iros,1996,233
iros,1997,282
iros,1998,315
iros,1999,301
iros,2000,372
iros,2001,374
iros,2002,489
iros,2003,600
iros,2004,639
iros,2005,645
iros,2006,951
iros,2007,670
iros,2008,672
iros,2009,923
iros,2010,968
iros,2011,784
iros,2012,802
iros,2013,908
iros,2014,748
iros,2015,968
iros,2016,828
iros,2017,873
iros,2018,1083
iros,2019,933
iros,2020,1126
iros,2021,1029
iros,2022,1214
iros,2023,1195
isca,1973,28
isca,1974,38
isca,1976,39
isca,1977,27
isca,1978,37
isca,1979,27
isca,1980,40
isca,1981,40
isca,1982,34
isca,1983,54
isca,1984,45
isca,1985,50
isca,1986,50
isca,1987,35
isca,1988,50
isca,1989,46
isca,1990,34
isca,1991,38
isca,1992,64
isca,1993,32
isca,1994,34
isca,1995,37
isca,1996,28
isca,1997,30
isca,1998,33
isca,1999,26
isca,2000,29
isca,2001,24
isca,2002,27
isca,2003,37
isca,2004,31
isca,2005,45
isca,2006,34
isca,2007,46
isca,2008,37
isca,2009,45
isca,2010,48
isca,2011,40
isca,2012,47
isca,2013,56
isca,2014,46
isca,2015,58
isca,2016,57
isca,2017,54
isca,2018,64
isca,2019,61
isca,2020,82
isca,2021,81
isca,2022,73
isca,2023,84
isca,2024,87
ismb,1993,52
ismb,1994,45
ismb,1995,47
ismb,1996,27
ismb,1997,30
ismb,1998,25
ismb,1999,32
ismb,2000,41
ismb,2001,38
ismb,2002,42
ismb,2003,35
ismb,2004,49
ismb,2005,56
ismb,2006,60
ismb,2007,77
ismb,2008,57
ismb,2009,59
ismb,2010,59
ismb,2011,61
ismb,2012,47
ismb,2013,51
ismb,2014,51
ismb,2015,61
ismb,2016,56
ismb,2017,45
ismb,2018,65
ismb,2019,69
ismb,2020,65
ismb,2021,55
issta,1993,22
issta,1994,26
issta,1996,29
issta,1998,17
issta,2000,23
issta,2002,19
issta,2004,26
issta,2006,23
issta,2007,22
issta,2008,26
issta,2009,25
issta,2010,23
issta,2011,35
issta,2012,31
issta,2013,32
issta,2014,36
issta,2015,35
issta,2016,37
issta,2017,31
issta,2018,31
issta,2019,32
issta,2020,43
issta,2021,52
issta,2022,61
issta,2023,117
issta,2024,143
kdd,1995,55
kdd,1996,42
kdd,1997,15
kdd,1998,18
kdd,1999,30
kdd,2000,55
kdd,2001,70
kdd,2002,87
kdd,2003,96
kdd,2004,110
kdd,2005,103
kdd,2006,125
kdd,2007,103
kdd,2008,123
kdd,2009,140
kdd,2010,121
kdd,2011,165
kdd,2012,185
kdd,2013,178
kdd,2014,220
kdd,2015,242
kdd,2016,225
kdd,2017,227
kdd,2018,309
kdd,2019,342
kdd,2020,373
kdd,2021,400
kdd,2022,462
kdd,2023,499
kdd,2024,595
lics,1986,37
lics,1987,35
lics,1988,42
lics,1989,39
lics,1990,46
lics,1991,39
lics,1992,43
lics,1993,40
lics,1994,50
lics,1995,47
lics,1996,49
lics,1997,39
lics,1998,45
lics,1999,46
lics,2000,37
lics,2001,40
lics,2002,41
lics,2003,39
lics,2004,42
lics,2005,49
lics,2006,40
lics,2007,44
lics,2008,41
lics,2009,43
lics,2010,45
lics,2011,41
lics,2012,64
lics,2013,61
lics,2014,80
lics,2015,64
lics,2016,88
lics,2017,93
lics,2018,94
lics,2019,61
lics,2020,72
lics,2021,94
lics,2022,64
lics,2023,67
lics,2024,72
micro,1972,6
micro,1973,19
micro,1974,35
micro,1976,5
micro,1977,12
micro,1978,24
micro,1979,12
micro,1980,17
micro,1981,18
micro,1982,17
micro,1984,30
micro,1985,18
micro,1986,17
micro,1987,16
micro,1988,8
micro,1989,24
micro,1990,34
micro,1991,24
micro,1992,22
micro,1993,26
micro,1994,20
micro,1995,37
micro,1996,30
micro,1997,35
micro,1998,28
micro,1999,29
micro,2000,34
micro,2001,31
micro,2002,36
micro,2003,35
micro,2004,31
micro,2005,31
micro,2006,42
micro,2007,35
micro,2008,42
micro,2009,54
micro,2010,45
micro,2011,44
micro,2012,40
micro,2013,39
micro,2014,53
micro,2015,61
micro,2016,61
micro,2017,61
micro,2018,74
micro,2019,80
micro,2020,81
micro,2021,94
micro,2022,83
micro,2023,101
mobicom,1995,20
mobicom,1996,18
mobicom,1997,26
mobicom,1998,27
mobicom,1999,28
mobicom,2000,28
mobicom,2001,30
mobicom,2002,26
mobicom,2003,27
mobicom,2004,26
mobicom,2005,23
mobicom,2006,36
mobicom,2007,27
mobicom,2008,32
mobicom,2009,30
mobicom,2010,33
mobicom,2011,29
mobicom,2012,32
mobicom,2013,30
mobicom,2014,36
mobicom,2015,41
mobicom,2016,32
mobicom,2017,37
mobicom,2018,66
mobicom,2019,112
mobicom,2020,92
mobicom,2021,60
mobicom,2022,56
mobicom,2023,152
mobicom,2024,47
mobisys,2003,23
mobisys,2004,24
mobisys,2005,20
mobisys,2006,19
mobisys,2007,24
mobisys,2008,23
mobisys,2009,26
mobisys,2010,25
mobisys,2011,25
mobisys,2012,32
mobisys,2013,33
mobisys,2014,61
mobisys,2015,61
mobisys,2016,31
mobisys,2017,84
mobisys,2018,73
mobisys,2019,43
mobisys,2020,34
mobisys,2021,36
mobisys,2022,39
mobisys,2023,42
mobisys,2024,43
naacl,2001,31
naacl,2003,111
naacl,2004,43
naacl,2006,140
naacl,2007,72
naacl,2009,75
naacl,2010,90
naacl,2012,79
naacl,2013,140
naacl,2015,203
naacl,2016,175
naacl,2018,205
naacl,2019,416
naacl,2021,472
naacl,2022,441
naacl,2024,487
ndss,1995,16
ndss,1996,14
ndss,1997,14
ndss,1998,21
ndss,1999,23
ndss,2000,15
ndss,2001,18
ndss,2002,15
ndss,2003,17
ndss,2004,16
ndss,2005,16
ndss,2006,17
ndss,2007,17
ndss,2008,21
ndss,2009,20
ndss,2010,24
ndss,2011,28
ndss,2012,54
ndss,2013,64
ndss,2014,55
ndss,2015,50
ndss,2016,61
ndss,2017,68
ndss,2018,71
ndss,2019,90
ndss,2020,89
ndss,2021,87
ndss,2022,83
ndss,2023,94
ndss,2024,140
nips,1987,87
nips,1988,95
nips,1989,100
nips,1990,140
nips,1991,143
nips,1992,127
nips,1993,143
nips,1994,138
nips,1995,152
nips,1996,151
nips,1997,156
nips,1998,151
nips,1999,149
nips,2000,153
nips,2001,197
nips,2002,203
nips,2003,198
nips,2004,207
nips,2005,207
nips,2006,204
nips,2007,217
nips,2008,250
nips,2009,262
nips,2010,292
nips,2011,306
nips,2012,370
nips,2013,360
nips,2014,411
nips,2015,403
nips,2016,565
nips,2017,677
nips,2018,1009
nips,2019,1426
nips,2020,1898
nips,2021,2334
nips,2022,2834
nips,2023,3540
nsdi,2004,28
nsdi,2005,26
nsdi,2006,29
nsdi,2007,28
nsdi,2008,30
nsdi,2009,32
nsdi,2010,29
nsdi,2011,27
nsdi,2012,30
nsdi,2013,38
nsdi,2014,37
nsdi,2015,42
nsdi,2016,44
nsdi,2017,46
nsdi,2018,40
nsdi,2019,49
nsdi,2020,65
nsdi,2021,59
nsdi,2022,78
nsdi,2023,96
nsdi,2024,112
oakland,1980,15
oakland,1981,15
oakland,1982,17
oakland,1983,16
oakland,1984,22
oakland,1985,23
oakland,1986,21
oakland,1987,26
oakland,1988,23
oakland,1989,32
oakland,1990,34
oakland,1991,28
oakland,1992,22
oakland,1993,17
oakland,1994,19
oakland,1995,20
oakland,1996,20
oakland,1997,24
oakland,1998,19
oakland,1999,18
oakland,2000,18
oakland,2001,19
oakland,2002,21
oakland,2003,19
oakland,2004,19
oakland,2005,17
oakland,2006,31
oakland,2007,27
oakland,2008,28
oakland,2009,26
oakland,2010,34
oakland,2011,34
oakland,2012,40
oakland,2013,38
oakland,2014,44
oakland,2015,55
oakland,2016,55
oakland,2017,60
oakland,2018,63
oakland,2019,84
oakland,2020,104
oakland,2021,114
oakland,2022,148
oakland,2023,198
oakland,2024,260
oopsla,1986,51
oopsla,1987,44
oopsla,1988,33
oopsla,1989,44
oopsla,1990,31
oopsla,1991,25
oopsla,1992,33
oopsla,1993,39
oopsla,1994,35
oopsla,1995,32
oopsla,1996,27
oopsla,1997,24
oopsla,1998,27
oopsla,1999,30
oopsla,2000,26
oopsla,2001,27
oopsla,2002,25
oopsla,2003,26
oopsla,2004,27
oopsla,2005,32
oopsla,2006,30
oopsla,2007,39
oopsla,2008,36
oopsla,2009,32
oopsla,2010,62
oopsla,2011,61
oopsla,2012,59
oopsla,2013,50
oopsla,2014,52
oopsla,2015,53
oopsla,2016,52
oopsla,2017,66
oopsla,2018,60
oopsla,2019,73
oopsla,2020,109
oopsla,2021,71
oopsla,2022,92
oopsla,2023,110
oopsla,2024,148
osdi,1994,27
osdi,1996,21
osdi,1999,20
osdi,2000,24
osdi,2002,27
osdi,2004,27
osdi,2006,27
osdi,2008,26
osdi,2010,32
osdi,2012,24
osdi,2014,42
osdi,2016,47
osdi,2018,47
osdi,2020,70
osdi,2021,31
osdi,2022,49
osdi,2023,55
osdi,2024,53
pets,2002,17
pets,2003,14
pets,2004,20
pets,2005,17
pets,2006,24
pets,2007,16
pets,2008,14
pets,2009,14
pets,2010,16
pets,2012,16
pets,2013,13
pets,2014,16
pets,2015,23
pets,2016,51
pets,2017,53
pets,2018,35
pets,2019,66
pets,2020,79
pets,2021,81
pets,2022,128
pets,2023,123
pets,2024,143
pldi,1987,29
pldi,1988,33
pldi,1989,31
pldi,1990,30
pldi,1991,28
pldi,1992,30
pldi,1993,29
pldi,1994,30
pldi,1995,28
pldi,1996,28
pldi,1997,31
pldi,1998,31
pldi,1999,24
pldi,2000,30
pldi,2001,30
pldi,2002,28
pldi,2003,28
pldi,2004,26
pldi,2005,29
pldi,2006,36
pldi,2007,45
pldi,2008,34
pldi,2009,41
pldi,2010,42
pldi,2011,55
pldi,2012,48
pldi,2013,46
pldi,2014,59
pldi,2015,59
pldi,2016,48
pldi,2017,47
pldi,2018,55
pldi,2019,76
pldi,2020,77
pldi,2021,87
pldi,2022,68
pldi,2023,83
pldi,2024,89
pods,1982,35
pods,1983,35
pods,1984,35
pods,1985,27
pods,1986,27
pods,1987,34
pods,1988,34
pods,1989,38
pods,1990,36
pods,1991,30
pods,1992,33
pods,1993,27
pods,1994,28
pods,1995,28
pods,1996,24
pods,1997,26
pods,1998,31
pods,1999,35
pods,2000,29
pods,2001,29
pods,2002,27
pods,2003,29
pods,2004,34
pods,2005,35
pods,2006,38
pods,2007,31
pods,2008,31
pods,2009,29
pods,2010,29
pods,2011,27
pods,2012,27
pods,2013,26
pods,2014,25
pods,2015,29
pods,2016,37
pods,2017,34
pods,2018,33
pods,2019,34
pods,2020,32
pods,2021,31
pods,2022,37
pods,2023,35
pods,2024,40
popl,1973,20
popl,1975,21
popl,1976,19
popl,1977,24
popl,1978,26
popl,1979,26
popl,1980,25
popl,1981,20
popl,1982,35
popl,1983,27
popl,1984,30
popl,1985,30
popl,1986,30
popl,1987,29
popl,1988,28
popl,1989,30
popl,1990,31
popl,1991,31
popl,1992,31
popl,1993,42
popl,1994,39
popl,1995,35
popl,1996,34
popl,1997,37
popl,1998,32
popl,1999,25
popl,2000,31
popl,2001,23
popl,2002,27
popl,2003,25
popl,2004,29
popl,2005,31
popl,2006,35
popl,2007,37
popl,2008,36
popl,2009,39
popl,2010,40
popl,2011,50
popl,2012,44
popl,2013,43
popl,2014,52
popl,2015,54
popl,2016,61
popl,2017,66
popl,2018,66
popl,2019,77
popl,2020,68
popl,2021,61
popl,2022,65
popl,2023,74
popl,2024,93
recomb,1997,44
recomb,1998,38
recomb,1999,41
recomb,2000,43
recomb,2001,43
recomb,2002,36
recomb,2003,34
recomb,2004,47
recomb,2005,39
recomb,2006,42
recomb,2007,37
recomb,2008,40
recomb,2009,35
recomb,2010,39
recomb,2011,41
recomb,2012,31
recomb,2013,23
recomb,2014,30
recomb,2015,23
recomb,2016,25
recomb,2017,23
recomb,2018,15
recomb,2019,18
recomb,2020,14
recomb,2022,20
recomb,2023,11
recomb,2024,25
rss,2005,48
rss,2006,39
rss,2007,41
rss,2008,40
rss,2009,39
rss,2010,40
rss,2011,45
rss,2012,60
rss,2013,55
rss,2014,57
rss,2015,49
rss,2016,47
rss,2017,75
rss,2018,71
rss,2019,84
rss,2020,103
rss,2021,92
rss,2022,74
rss,2023,112
rtas,2004,62
rtas,2005,52
rtas,2007,31
rtas,2008,35
rtas,2009,32
rtas,2010,33
rtas,2011,29
rtas,2012,30
rtas,2013,28
rtas,2014,28
rtas,2015,31
rtas,2016,45
rtas,2017,29
rtas,2018,27
rtas,2019,30
rtas,2020,29
rtas,2021,31
rtas,2022,22
rtas,2023,25
rtas,2024,29
rtss,1980,18
rtss,1981,14
rtss,1982,20
rtss,1985,17
rtss,1986,28
rtss,1987,29
rtss,1988,30
rtss,1989,36
rtss,1990,33
rtss,1991,29
rtss,1992,26
rtss,1993,26
rtss,1994,24
rtss,1995,32
rtss,1996,31
rtss,1997,31
rtss,1998,47
rtss,1999,32
rtss,2000,29
rtss,2001,31
rtss,2002,29
rtss,2003,36
rtss,2004,44
rtss,2005,37
rtss,2006,43
rtss,2007,43
rtss,2008,45
rtss,2009,44
rtss,2010,36
rtss,2011,33
rtss,2012,35
rtss,2013,36
rtss,2014,33
rtss,2015,42
rtss,2016,42
rtss,2017,32
rtss,2018,38
rtss,2019,40
rtss,2020,29
rtss,2021,39
rtss,2022,37
rtss,2023,37
sc,1988,57
sc,1989,96
sc,1990,96
sc,1991,93
sc,1992,90
sc,1993,95
sc,1994,94
sc,1995,98
sc,1996,47
sc,1997,61
sc,1998,54
sc,1999,69
sc,2000,62
sc,2001,60
sc,2002,67
sc,2003,77
sc,2004,73
sc,2005,74
sc,2006,319
sc,2007,59
sc,2008,65
sc,2009,73
sc,2010,57
sc,2011,77
sc,2012,105
sc,2013,96
sc,2014,86
sc,2015,83
sc,2016,87
sc,2017,64
sc,2018,74
sc,2019,89
sc,2020,101
sc,2021,104
sc,2022,87
sc,2023,99
sensys,2003,24
sensys,2004,40
sensys,2005,46
sensys,2006,26
sensys,2007,25
sensys,2008,25
sensys,2009,22
sensys,2010,25
sensys,2011,24
sensys,2012,23
sensys,2013,89
sensys,2014,21
sensys,2015,30
sensys,2016,21
sensys,2017,78
sensys,2018,24
sensys,2019,28
sensys,2020,43
sensys,2021,47
sensys,2022,99
sensys,2023,34
sensys,2024,58
sigcomm,1977,26
sigcomm,1979,24
sigcomm,1981,27
sigcomm,1983,58
sigcomm,1985,35
sigcomm,1986,43
sigcomm,1988,31
sigcomm,1989,29
sigcomm,1990,31
sigcomm,1991,28
sigcomm,1992,27
sigcomm,1993,28
sigcomm,1994,29
sigcomm,1995,29
sigcomm,1996,27
sigcomm,1997,24
sigcomm,1998,26
sigcomm,1999,24
sigcomm,2000,26
sigcomm,2001,23
sigcomm,2002,25
sigcomm,2003,34
sigcomm,2004,31
sigcomm,2005,28
sigcomm,2006,37
sigcomm,2007,35
sigcomm,2008,36
sigcomm,2009,27
sigcomm,2010,33
sigcomm,2011,32
sigcomm,2012,31
sigcomm,2013,38
sigcomm,2014,45
sigcomm,2015,40
sigcomm,2016,39
sigcomm,2017,36
sigcomm,2018,40
sigcomm,2019,32
sigcomm,2020,53
sigcomm,2021,55
sigcomm,2022,55
sigcomm,2023,71
sigcomm,2024,62
sigcse,2011,107
sigcse,2012,100
sigcse,2013,110
sigcse,2014,107
sigcse,2015,95
sigcse,2016,102
sigcse,2017,96
sigcse,2018,158
sigcse,2019,167
sigcse,2020,170
sigcse,2021,169
sigcse,2022,144
sigcse,2023,165
sigcse,2024,215
siggraph,1974,48
siggraph,1975,25
siggraph,1976,42
siggraph,1977,37
siggraph,1978,38
siggraph,1979,38
siggraph,1980,48
siggraph,1981,34
siggraph,1982,40
siggraph,1983,36
siggraph,1984,39
siggraph,1985,45
siggraph,1986,33
siggraph,1987,35
siggraph,1988,48
siggraph,1989,38
siggraph,1990,41
siggraph,1991,32
siggraph,1992,39
siggraph,1993,44
siggraph,1994,52
siggraph,1995,52
siggraph,1996,51
siggraph,1997,49
siggraph,1998,45
siggraph,1999,50
siggraph,2000,57
siggraph,2001,63
siggraph,2002,61
siggraph,2003,226
siggraph,2004,81
siggraph,2005,99
siggraph,2006,85
siggraph,2007,108
siggraph,2008,90
siggraph,2009,78
siggraph,2010,103
siggraph,2011,82
siggraph,2012,95
siggraph,2013,115
siggraph,2014,127
siggraph,2015,118
siggraph,2016,119
siggraph,2017,132
siggraph,2018,128
siggraph,2019,111
siggraph,2020,123
siggraph,2021,149
siggraph,2022,194
siggraph,2023,212
siggraph,2024,252
siggraph-asia,2008,59
siggraph-asia,2009,70
siggraph-asia,2010,49
siggraph-asia,2011,68
siggraph-asia,2012,77
siggraph-asia,2013,66
siggraph-asia,2014,63
siggraph-asia,2015,84
siggraph-asia,2016,89
siggraph-asia,2017,75
siggraph-asia,2018,106
siggraph-asia,2019,109
siggraph-asia,2020,109
siggraph-asia,2021,92
siggraph-asia,2022,150
siggraph-asia,2023,224
sigir,1971,18
sigir,1978,10
sigir,1979,10
sigir,1980,24
sigir,1981,15
sigir,1982,21
sigir,1983,24
sigir,1984,28
sigir,1985,31
sigir,1986,32
sigir,1987,36
sigir,1988,45
sigir,1989,28
sigir,1990,27
sigir,1991,34
sigir,1992,33
sigir,1993,42
sigir,1994,37
sigir,1995,42
sigir,1996,43
sigir,1997,39
sigir,1998,50
sigir,1999,51
sigir,2000,46
sigir,2001,54
sigir,2002,58
sigir,2003,55
sigir,2004,76
sigir,2005,84
sigir,2006,85
sigir,2007,115
sigir,2008,109
sigir,2009,104
sigir,2010,121
sigir,2011,108
sigir,2012,135
sigir,2013,101
sigir,2014,106
sigir,2015,91
sigir,2016,81
sigir,2017,101
sigir,2018,103
sigir,2019,98
sigir,2020,191
sigir,2021,198
sigir,2022,318
sigir,2023,250
sigir,2024,240
sigmetrics,1974,19
sigmetrics,1976,29
sigmetrics,1979,22
sigmetrics,1981,22
sigmetrics,1982,48
sigmetrics,1983,24
sigmetrics,1984,21
sigmetrics,1985,21
sigmetrics,1986,29
sigmetrics,1987,24
sigmetrics,1988,48
sigmetrics,1989,53
sigmetrics,1990,23
sigmetrics,1991,20
sigmetrics,1992,20
sigmetrics,1993,22
sigmetrics,1994,25
sigmetrics,1995,27
sigmetrics,1996,24
sigmetrics,1997,26
sigmetrics,1998,25
sigmetrics,1999,18
sigmetrics,2000,28
sigmetrics,2001,29
sigmetrics,2002,23
sigmetrics,2003,26
sigmetrics,2004,36
sigmetrics,2005,38
sigmetrics,2006,30
sigmetrics,2007,29
sigmetrics,2008,36
sigmetrics,2009,27
sigmetrics,2010,29
sigmetrics,2011,26
sigmetrics,2012,31
sigmetrics,2013,26
sigmetrics,2014,41
sigmetrics,2015,33
sigmetrics,2016,30
sigmetrics,2017,44
sigmetrics,2018,40
sigmetrics,2019,58
sigmetrics,2020,48
sigmetrics,2021,58
sigmetrics,2022,41
sigmetrics,2023,54
sigmetrics,2024,28
sigmod,1975,26
sigmod,1976,20
sigmod,1977,21
sigmod,1978,23
sigmod,1979,24
sigmod,1980,22
sigmod,1981,23
sigmod,1982,37
sigmod,1983,24
sigmod,1984,31
sigmod,1985,35
sigmod,1986,32
sigmod,1987,48
sigmod,1988,60
sigmod,1989,46
sigmod,1990,48
sigmod,1991,48
sigmod,1992,65
sigmod,1993,39
sigmod,1994,40
sigmod,1995,36
sigmod,1996,47
sigmod,1997,42
sigmod,1998,42
sigmod,1999,42
sigmod,2000,42
sigmod,2001,44
sigmod,2002,42
sigmod,2003,53
sigmod,2004,70
sigmod,2005,64
sigmod,2006,58
sigmod,2007,73
sigmod,2008,79
sigmod,2009,63
sigmod,2010,80
sigmod,2011,87
sigmod,2012,48
sigmod,2013,76
sigmod,2014,107
sigmod,2015,108
sigmod,2016,117
sigmod,2017,96
sigmod,2018,91
sigmod,2019,113
sigmod,2020,176
sigmod,2021,216
sigmod,2022,175
sigmod,2023,202
sigmod,2024,234
soda,1990,54
soda,1991,50
soda,1992,51
soda,1993,52
soda,1994,76
soda,1995,69
soda,1996,64
soda,1997,85
soda,1998,74
soda,1999,89
soda,2000,100
soda,2001,94
soda,2002,101
soda,2003,87
soda,2004,118
soda,2005,124
soda,2006,132
soda,2007,134
soda,2008,136
soda,2009,136
soda,2010,134
soda,2011,133
soda,2012,139
soda,2013,135
soda,2014,135
soda,2015,135
soda,2016,146
soda,2017,181
soda,2018,179
soda,2019,182
soda,2020,180
soda,2021,179
soda,2022,148
soda,2023,190
soda,2024,190
sosp,1971,18
sosp,1973,18
sosp,1975,23
sosp,1977,21
sosp,1979,17
sosp,1981,16
sosp,1983,12
sosp,1985,18
sosp,1987,13
sosp,1989,19
sosp,1991,18
sosp,1993,21
sosp,1995,30
sosp,1997,23
sosp,1999,19
sosp,2001,17
sosp,2003,22
sosp,2005,22
sosp,2007,25
sosp,2009,23
sosp,2011,28
sosp,2013,30
sosp,2015,30
sosp,2017,39
sosp,2019,38
sosp,2021,54
sosp,2023,43
sosp,2024,43
stoc,1970,21
stoc,1971,20
stoc,1972,27
stoc,1973,25
stoc,1974,32
stoc,1975,26
stoc,1976,23
stoc,1977,29
stoc,1978,34
stoc,1979,34
stoc,1980,47
stoc,1981,38
stoc,1982,41
stoc,1983,51
stoc,1984,58
stoc,1985,49
stoc,1986,44
stoc,1987,47
stoc,1988,51
stoc,1989,55
stoc,1990,58
stoc,1991,57
stoc,1992,71
stoc,1993,86
stoc,1994,80
stoc,1995,77
stoc,1996,70
stoc,1997,77
stoc,1998,72
stoc,1999,84
stoc,2000,81
stoc,2001,82
stoc,2002,89
stoc,2003,78
stoc,2004,71
stoc,2005,84
stoc,2006,78
stoc,2007,77
stoc,2008,83
stoc,2009,77
stoc,2010,80
stoc,2011,84
stoc,2012,89
stoc,2013,100
stoc,2014,88
stoc,2015,93
stoc,2016,92
stoc,2017,108
stoc,2018,113
stoc,2019,111
stoc,2020,112
stoc,2021,150
stoc,2022,132
stoc,2023,153
stoc,2024,188
ubicomp,2001,30
ubicomp,2002,51
ubicomp,2003,27
ubicomp,2004,51
ubicomp,2005,42
ubicomp,2006,54
ubicomp,2007,50
ubicomp,2008,55
ubicomp,2009,52
ubicomp,2010,57
ubicomp,2011,66
ubicomp,2012,126
ubicomp,2013,75
ubicomp,2014,73
ubicomp,2015,103
ubicomp,2016,112
ubicomp,2017,178
ubicomp,2018,229
ubicomp,2019,194
ubicomp,2020,168
ubicomp,2021,193
ubicomp,2022,210
ubicomp,2023,205
ubicomp,2024,147
uist,1989,19
uist,1990,17
uist,1991,23
uist,2000,24
uist,2001,21
uist,2002,22
uist,2003,20
uist,2004,27
uist,2005,23
uist,2006,29
uist,2007,25
uist,2008,25
uist,2009,21
uist,2010,31
uist,2011,66
uist,2012,61
uist,2013,59
uist,2014,70
uist,2015,69
uist,2016,80
uist,2017,74
uist,2018,81
uist,2019,94
uist,2020,99
uist,2021,95
uist,2022,98
uist,2023,121
uist,2024,146
usenixatc,1996,27
usenixatc,1997,1
usenixatc,1998,36
usenixatc,1999,23
usenixatc,2000,27
usenixatc,2001,24
usenixatc,2002,25
usenixatc,2003,24
usenixatc,2004,21
usenixatc,2005,24
usenixatc,2006,57
usenixatc,2007,52
usenixatc,2008,34
usenixatc,2009,31
usenixatc,2010,24
usenixatc,2011,35
usenixatc,2012,41
usenixatc,2013,33
usenixatc,2014,44
usenixatc,2015,47
usenixatc,2016,58
usenixatc,2017,64
usenixatc,2018,76
usenixatc,2019,78
usenixatc,2020,67
usenixatc,2021,64
usenixatc,2022,67
usenixatc,2023,65
usenixatc,2024,77
usenixsec,1993,14
usenixsec,1995,22
usenixsec,1996,13
usenixsec,1998,18
usenixsec,1999,18
usenixsec,2000,20
usenixsec,2001,24
usenixsec,2002,22
usenixsec,2003,21
usenixsec,2004,32
usenixsec,2005,22
usenixsec,2006,22
usenixsec,2007,23
usenixsec,2008,27
usenixsec,2009,26
usenixsec,2010,30
usenixsec,2011,35
usenixsec,2012,43
usenixsec,2013,44
usenixsec,2014,67
usenixsec,2015,67
usenixsec,2016,72
usenixsec,2017,85
usenixsec,2018,101
usenixsec,2019,113
usenixsec,2020,159
usenixsec,2021,246
usenixsec,2022,256
usenixsec,2023,422
usenixsec,2024,418
vis,1990,45
vis,1991,43
vis,1992,50
vis,1993,43
vis,1994,46
vis,1995,42
vis,1996,45
vis,1997,53
vis,1998,49
vis,1999,48
vis,2000,52
vis,2001,52
vis,2002,58
vis,2003,75
vis,2004,107
vis,2005,126
vis,2006,87
vis,2007,83
vis,2008,76
vis,2009,90
vis,2010,87
vis,2011,97
vis,2012,96
vis,2013,101
vis,2014,112
vis,2016,104
vis,2017,105
vis,2018,104
vis,2019,125
vis,2020,120
vis,2021,155
vis,2022,114
vis,2023,122
vis,2024,135
vldb,1975,29
vldb,1976,15
vldb,1977,55
vldb,1978,62
vldb,1979,46
vldb,1980,36
vldb,1981,54
vldb,1982,35
vldb,1983,34
vldb,1984,46
vldb,1985,43
vldb,1986,55
vldb,1987,52
vldb,1988,42
vldb,1989,51
vldb,1990,60
vldb,1991,61
vldb,1992,58
vldb,1993,59
vldb,1994,68
vldb,1995,66
vldb,1996,70
vldb,1997,56
vldb,1998,66
vldb,1999,61
vldb,2000,63
vldb,2001,70
vldb,2002,93
vldb,2003,94
vldb,2004,110
vldb,2005,112
vldb,2006,106
vldb,2007,113
vldb,2008,130
vldb,2009,132
vldb,2010,159
vldb,2011,147
vldb,2012,150
vldb,2013,186
vldb,2014,181
vldb,2015,172
vldb,2016,141
vldb,2017,166
vldb,2018,158
vldb,2019,185
vldb,2020,270
vldb,2021,290
vldb,2022,311
vldb,2023,318
vldb,2024,258
vr,1999,47
vr,2000,48
vr,2001,45
vr,2002,40
vr,2003,43
vr,2004,52
vr,2005,40
vr,2006,47
vr,2007,34
vr,2008,23
vr,2009,24
vr,2010,22
vr,2011,18
vr,2012,26
vr,2013,45
vr,2014,41
vr,2015,41
vr,2016,46
vr,2017,50
vr,2018,115
vr,2019,175
vr,2020,136
vr,2021,118
vr,2022,128
vr,2023,140
vr,2024,190
wine,2005,107
wine,2006,34
wine,2007,63
wine,2008,77
wine,2009,63
wine,2010,50
wine,2011,39
wine,2012,49
wine,2013,32
wine,2014,42
wine,2015,30
wine,2016,33
wine,2017,32
wine,2018,33
wine,2019,35
wine,2020,42
wine,2021,40
wine,2022,32
wine,2023,37
www,2001,75
www,2002,71
www,2003,77
www,2004,74
www,2005,82
www,2006,92
www,2007,111
www,2008,103
www,2009,105
www,2010,105
www,2011,81
www,2012,107
www,2013,137
www,2014,84
www,2015,131
www,2016,126
www,2017,167
www,2018,190
www,2019,362
www,2020,317
www,2021,355
www,2022,364
www,2023,401
www,2024,432
